{
  "alexnet_train_acc": 99.95333333333333,
  "alexnet_train_loss": 99.33,
  "alexnet_cbam_train_acc": 99.94666666666666,
  "alexnet_cbam_train_loss": 99.48,
  "new_alexnet_cbam_train_acc": 99.94666666666666,
  "new_alexnet_cbam_train_loss": 99.48
}